<?xml version="1.0" encoding="UTF-8"?>
<modification>
	<id>Xtensions-Custom Registration Header Changes Customer</id>
	<version>1.5.5.x-1.5.6</version>
	<vqmver>2.X</vqmver>		
	<author><![CDATA[<a href="http://xtensions.in" target = "_blank">www.xtensions.in</a><br />]]> <![CDATA[<a href="mailto:kwason@outlook.com">Email-Support</a><br />]]> <![CDATA[<a href="http://xtensions.in/support" target = "_blank">Ticket Support</a>]]></author>
	<file name="catalog/controller/common/header.php">
		<operation>
			<search position="after"><![CDATA[$this->language->load('common/header');]]></search>
			<add><![CDATA[$display_name="";
                if($this->customer->getFirstName()) $display_name=$this->customer->getFirstName(); else $display_name=$this->customer->getEmail();]]></add>
		</operation>
	
	
	<operation>
			<search position="replace"><![CDATA[$this->data['text_logged'] = sprintf($this->language->get('text_logged'), $this->url->link('account/account', '', 'SSL'), $this->customer->getFirstName(), $this->url->link('account/logout', '', 'SSL'));]]></search>
			<add><![CDATA[$this->data['text_logged'] = sprintf($this->language->get('text_logged'), $this->url->link('account/account', '', 'SSL'), $display_name, $this->url->link('account/logout', '', 'SSL'));]]></add>
		</operation>
		</file>
	
	
	
</modification>