<?xml version="1.0" encoding="UTF-8"?>
<modification>
	<id>Xtensions-Custom Registration Various Guest Page Fix</id>
	<version>1.5.5.x-1.5.6</version>
	<vqmver>2.X</vqmver>		
	<author><![CDATA[<a href="http://xtensions.in" target = "_blank">www.xtensions.in</a><br />]]> <![CDATA[<a href="mailto:kwason@outlook.com">Email-Support</a><br />]]> <![CDATA[<a href="http://xtensions.in/support" target = "_blank">Ticket Support</a>]]></author>
	<file name="catalog/model/account/xcustomer.php">
		<operation>
			<search position="after"><![CDATA[public function getGuestOptionsA($option_id,$type,$value) {]]></search>
			<add><![CDATA[
				if(empty($value))
					return '';
			]]></add>
		</operation>
	</file>
	<file name="catalog/controller/checkout/xguest.php">
		<operation>
			<search position="replace"><![CDATA[
			$this->session->data['guest']['payment']['option'.$option['option_id']] =  $this->request->post['option'.$option['option_id']];
			]]></search>
			<add><![CDATA[
				if(isset($this->request->post['option'.$option['option_id']]))
						$this->session->data['guest']['payment']['option'.$option['option_id']] =  $this->request->post['option'.$option['option_id']];
					else 
						$this->session->data['guest']['payment']['option'.$option['option_id']] =  '';
			]]></add>
		</operation>
		<operation>
			<search position="replace"><![CDATA[
			$this->session->data['guest']['shipping']['option'.$option['option_id']] =  $this->request->post['option'.$option['option_id']];
			]]></search>
			<add><![CDATA[
						if(isset($this->request->post['option'.$option['option_id']]))
							$this->session->data['guest']['shipping']['option'.$option['option_id']] =  $this->request->post['option'.$option['option_id']];
						else
							$this->session->data['guest']['shipping']['option'.$option['option_id']] =  ''; 
				]]></add>
		</operation>
		<operation error="skip">
			<search position="replace"><![CDATA[
			$this->template = 'default/template/checkout/guest.tpl';
			]]></search>
			<add><![CDATA[
				$this->template = 'default/template/checkout/xguest.tpl';
			]]></add>
		</operation>
	</file>
	<file name="catalog/controller/checkout/xguest_shipping.php">		
		<operation>
			<search position="replace"><![CDATA[
			$this->session->data['guest']['shipping']['option'.$option['option_id']] =  $this->request->post['option'.$option['option_id']];
			]]></search>
			<add><![CDATA[
					if(isset($this->request->post['option'.$option['option_id']]))
						$this->session->data['guest']['shipping']['option'.$option['option_id']] =  $this->request->post['option'.$option['option_id']];
					else 
						$this->session->data['guest']['shipping']['option'.$option['option_id']] =  '';
				]]></add>
		</operation>
	</file>
	
</modification>