<?xml version="1.0" encoding="UTF-8"?>
<modification>
	<module>Xtensions-Custom Registration Admin Changes</module>
	<id>Xtensions-Custom Registration Admin Changes</id>
	<version>1.5.5.x-1.5.6</version>
	<vqmver>2.X</vqmver>		
	<author><![CDATA[<a href="http://xtensions.in" target = "_blank">www.xtensions.in</a><br />]]> <![CDATA[<a href="mailto:kwason@outlook.com">Email-Support</a><br />]]> <![CDATA[<a href="http://xtensions.in/support" target = "_blank">Ticket Support</a>]]></author>
	
	<file name="admin/model/sale/order.php">
	<operation>
			<search position="after"><![CDATA[public function deleteOrder($order_id) {]]></search>
			<add><![CDATA[
			$this->db->query("DELETE FROM `" . DB_PREFIX . "xcustom_customer_order_option` WHERE order_id = '" . (int)$order_id . "'");
			]]></add>
	</operation>	
		
	</file>
	
	<file name="admin/controller/sale/order.php">
		<operation>
			<search position="before" index="2"><![CDATA[$this->data['email'] = $order_info['email'];]]></search>
			<add><![CDATA[
			$this->load->model('sale/customer');
			foreach ($this->model_sale_customer->getCustomOptions(0) as $option){
				if($option['section']==1){
				$this->data['personal_custom'][] =array(
				'name'=>$option['name'],
				'value'=>$this->model_sale_customer->getCustomerOrderOptions($option['option_id'],'personal',$order_id)
				);}
				else{
					$this->data['payment_custom'][] =array(
					'name'=>$option['name'],
					'value'=>$this->model_sale_customer->getCustomerOrderOptions($option['option_id'],'payment',$order_id)
					);
					$this->data['shipping_custom'][] =array(
					'name'=>$option['name'],
					'value'=>$this->model_sale_customer->getCustomerOrderOptions($option['option_id'],'shipping',$order_id)
				);
				}								
			}
			]]></add>
		</operation>
		
		<operation>
			<search position="before"><![CDATA[if ($order_info['shipping_address_format']) {]]></search>
			<add><![CDATA[
			$this->load->model('sale/customer');
				$this->load->model('module/custom');
				$this->model_module_custom->install();
				$stringP = '';
		
		$find = array();		
		$replace = array();
		foreach ($this->model_sale_customer->getCustomOptions(1) as $option){
			if($option['invoice']=='1'){$stringP .= '{'.$option['identifier'].'}'."\n";
				array_push($find, '{'.$option['identifier'].'}');				
				$value = $this->model_sale_customer->getCustomerOrderOptions($option['option_id'],'personal',$order_id);			
				$replace= array_merge($replace, array($option['identifier'] => $value));
			}
		}
		$custom_personal = str_replace(array("\r\n", "\r", "\n"), '<br />', preg_replace(array("/\s\s+/", "/\r\r+/", "/\n\n+/"), '<br />', trim(str_replace($find, $replace, $stringP))));						
		
		$stringP = '';
		foreach ($this->model_sale_customer->getCustomOptions(2) as $option){
			$stringP .= '{'.$option['identifier'].'}'."\n";
		}
			]]></add>
		</operation>
		<operation>
			<search position="replace"><![CDATA[$format = '{firstname} {lastname}' . "\n" . '{company}' . "\n" . '{address_1}' . "\n" . '{address_2}' . "\n" . '{city} {postcode}' . "\n" . '{zone}' . "\n" . '{country}';]]></search>
			<add><![CDATA[
			$format = '{firstname} {lastname}' . "\n" . '{company}' . "\n" . '{address_1}' . "\n" . '{address_2}' . "\n" .$stringP. '{city} {postcode}' . "\n" . '{zone}' . "\n" . '{country}';
			]]></add>
		</operation>
		<operation>
			<search position="before"><![CDATA[$shipping_address = str_replace(array("\r\n", "\r", "\n"), '<br />', preg_replace(array("/\s\s+/", "/\r\r+/", "/\n\n+/"), '<br />', trim(str_replace($find, $replace, $format))));]]></search>
			<add><![CDATA[
			foreach ($this->model_sale_customer->getCustomOptions(2) as $option){
				array_push($find, '{'.$option['identifier'].'}');
				if($option['invoice']=='1'){									
					$value = $this->model_sale_customer->getCustomerOrderOptions($option['option_id'],'shipping',$order_id);			
					$replace= array_merge($replace, array($option['identifier'] => $value));
				}else $replace= array_merge($replace, array($option['identifier'] => ''));
			}
			]]></add>
		</operation>
		<operation>
			<search position="before"><![CDATA[$payment_address = str_replace(array("\r\n", "\r", "\n"), '<br />', preg_replace(array("/\s\s+/", "/\r\r+/", "/\n\n+/"), '<br />', trim(str_replace($find, $replace, $format))));]]></search>
			<add><![CDATA[
			foreach ($this->model_sale_customer->getCustomOptions(2) as $option){
				array_push($find, '{'.$option['identifier'].'}');
				if($option['invoice']=='1'){									
					$value = $this->model_sale_customer->getCustomerOrderOptions($option['option_id'],'payment',$order_id);			
					$replace= array_merge($replace, array($option['identifier'] => $value));
				}else $replace= array_merge($replace, array($option['identifier'] => ''));
			}
			]]></add>
		</operation>
		<operation>
			<search position="after"><![CDATA['voucher'            => $voucher_data,]]></search>
			<add><![CDATA[								
			'custom_personal' => $custom_personal,
			]]></add>
		</operation>
		
	</file>
	
	<file name="admin/view/template/sale/order_info.tpl">
		<operation>
			<search position="replace" offset="2"><![CDATA[<td><?php echo $fax; ?></td>]]></search>
			<add><![CDATA[
			<td><?php echo $fax; ?></td>
          </tr>
          <?php } ?>
          <?php if(!empty($personal_custom)){?>
          <?php foreach ($personal_custom as $option) {?>
          <tr>
          <td><?php echo $option['name'];?>:</td>
          <td><?php echo $option['value'];?></td>
          </tr>	
          <?php }?>
          <?php }?>
			]]></add>
		</operation>
		<operation>
			<search position="replace" offset="2"><![CDATA[<td><?php echo $payment_address_2; ?></td>]]></search>
			<add><![CDATA[
			<td><?php echo $payment_address_2; ?></td>
          </tr>
          <?php } ?>
          <?php if(!empty($payment_custom)){?>
          <?php foreach ($payment_custom as $option) {?>
          <tr>
          <td><?php echo $option['name'];?>:</td>
          <td><?php echo $option['value'];?></td>
          </tr>	
          <?php }?>
          <?php }?>
			]]></add>
		</operation>
		<operation>
			<search position="replace" offset="2"><![CDATA[<td><?php echo $shipping_address_2; ?></td>]]></search>
			<add><![CDATA[
			<td><?php echo $payment_address_2; ?></td>
          <td><?php echo $shipping_address_2; ?></td>
          </tr>
          <?php } ?>
           <?php if(!empty($shipping_custom)){?>
          <?php foreach ($shipping_custom as $option) {?>
          <tr>
          <td><?php echo $option['name'];?>:</td>
          <td><?php echo $option['value'];?></td>
          </tr>	
          <?php }?>
          <?php }?>
			]]></add>
		</operation>
	</file>
		
	<file name="admin/view/template/sale/order_invoice.tpl">
		<operation>
			<search position="replace" offset="2"><![CDATA[<td><?php echo $order['payment_address']; ?><br/>]]></search>
			<add><![CDATA[
			<td><?php echo $order['payment_address']; ?><br/><br/>
        <?php echo $order['email']; ?><br/>
        <?php echo $order['telephone']; ?><br />		
         <?php if($order['custom_personal']) {?>         
         <?php echo $order['custom_personal'];?><br/>
         <?php }?>
			]]></add>
		</operation>
	</file>
	
	<file name="admin/model/sale/customer.php">
		<operation>
			<search position="before"><![CDATA[public function editCustomer($customer_id, $data) {]]></search>
			<add><![CDATA[	

//--------------------------------------------Xcustomer
public function getCustomerAddressOptions($customer_id,$option_id,$option_value_id,$address_id) {
		$query = $this->db->query("
					select  cco.value from " . DB_PREFIX . "xcustom c left join " . DB_PREFIX . "xcustom_value cv on c.option_id = cv.option_id
					left join " . DB_PREFIX . "xcustom_customer_option cco on c.option_id = cco.option_id
					where cco.customer_id = ".(int)$customer_id."
					and cco.address_id = ".(int)$address_id."
					and c.option_id = ".(int)$option_id. " ".  
					($option_value_id !=null ? " and cco.option_value_id = cv.option_value_id and cco.option_value_id =".(int)$option_value_id : "")
					 );
		if(empty( $query->row["value"]))
			return "";
		else
			return  $query->row["value"];
	}
	
	
	public function addCustomerOptionData($data,$customer_id,$address_id,$section){		
		foreach ($this->getCustomOptions($section) as $option){
			if($option['type']!='checkbox'){
			if($section==1)
				$value=$this->db->escape($data['option'.$option['option_id']]);
			else
				$value=$this->db->escape($data[$option['identifier']]);
			$this->db->query("INSERT INTO " . DB_PREFIX . "xcustom_customer_option
				set customer_id = ".(int)$customer_id." ,
				address_id = ".(int)$address_id." , "."
				option_id = ".(int)$option['option_id']." ,
				option_value_id = ".(int)$option['option_id']." ,
				name = '".$this->db->escape($option['name'])."' ,
				value = '".$value."' ,				
				type = '".$option['type']."'
			"); 
			}
		if($option['type']=='checkbox'){
			foreach ($option['option_value'] as $option_value) {
			if($section==1)	
				$value=isset($data['optionV'.$option['option_id'].'C'.$option_value['option_value_id']])?$this->db->escape($data['optionV'.$option['option_id'].'C'.$option_value['option_value_id']]):"";
			else
				$value=isset($data[$option['identifier'].$option_value['option_value_id']])?$this->db->escape($data[$option['identifier'].$option_value['option_value_id']]):"";	
			$this->db->query("INSERT INTO " . DB_PREFIX . "xcustom_customer_option
				set customer_id = ".(int)$customer_id." ,
				address_id = ".(int)$address_id." , "."
				option_id = ".(int)$option['option_id']." ,
				option_value_id = ".(int)$option_value['option_value_id']." ,
				name = '".$this->db->escape($option['name'])."' ,
				value = '".$value."' ,				
				type = '".$option['type']."'
			"); 
			}
			}
		}
	}
	
	public function getCustomerOptions($customer_id,$option_id,$option_value_id) {
		$query = $this->db->query("
					select  cco.value from " . DB_PREFIX . "xcustom c left join " . DB_PREFIX . "xcustom_value cv on c.option_id = cv.option_id
					left join " . DB_PREFIX . "xcustom_customer_option cco on c.option_id = cco.option_id
					where cco.customer_id = ".(int)$customer_id."
					and c.option_id = ".(int)$option_id. " ".  
					($option_value_id !=null ? " and cco.option_value_id = cv.option_value_id and cco.option_value_id =".(int)$option_value_id : "")
					 );
		if(empty( $query->row["value"]))
			return "";
			else
			return  $query->row["value"];
	}
	
	
public function getCustomerOrderOptions($option_id,$data_in,$order_id) {
		$query = $this->db->query('select value from ' . DB_PREFIX . 'xcustom_customer_order_option where order_id = '.$order_id.' and data_in = "'.$data_in.'" and option_id = '.$option_id);
		if($query->row)
			return  $query->row["value"];
		else
			return  "";
	}

public function getCustomOptions($section=0) {
		$product_option_data = array();
		$product_option_query = $this->db->query("SELECT * FROM  
										" . DB_PREFIX . "xcustom o  LEFT JOIN 
										" . DB_PREFIX . "xcustom_description od ON (o.option_id = od.option_id) 
										WHERE o.isenable = 1 and  
  										od.language_id = '" . (int)$this->config->get('config_language_id') ."' ". 
		(($section>0)?"AND o.section = ".$section : "")
		. " ORDER BY 3") ;
		foreach ($product_option_query->rows as $product_option) {
			if ($product_option['type'] == 'select' || $product_option['type'] == 'radio' || $product_option['type'] == 'checkbox' || $product_option['type'] == 'image') {
				$product_option_value_data = array();
				$product_option_value_query = $this->db->query(
				"SELECT * FROM 
				" . DB_PREFIX . "xcustom_value ov LEFT JOIN 
 				" . DB_PREFIX . "xcustom_value_description ovd ON (ov.option_value_id = ovd.option_value_id) 
 				WHERE
 				ov.option_id = '" . (int)$product_option['option_id'] . "'  and
  				ovd.language_id = '" . (int)$this->config->get('config_language_id') . "'
 				ORDER BY 4 ");
				foreach ($product_option_value_query->rows as $product_option_value) {
					$product_option_value_data[] = array(						
						'option_value_id'         => $product_option_value['option_value_id'],
						'name'                    => $product_option_value['name'],
					);
				}
				$product_option_data[] = array(					
					'option_id'         => $product_option['option_id'],
					'name'              => $product_option['name'],
					'type'              => $product_option['type'],
					'option_value'      => $product_option_value_data,
					'required'          => $product_option['required'],
					'min'          => $product_option['minimum'],
					'max'          => $product_option['maximum'],
					'invoice'          => $product_option['invoice'],
					'error'          => $product_option['error'],
					'tips'			=> $product_option['tips'],
					'mask'			=> $product_option['mask'],
					'identifier'			=> $product_option['identifier'],
					'section'			=> $product_option['section'],
					'isnumeric'  => $product_option['isnumeric'],
					'email_display'  => $product_option['email_display'],
					'order_display'  => $product_option['order_display'],
					'list_display'  => $product_option['list_display'],
				);
			} else {
				$product_option_data[] = array(					
					'option_id'         => $product_option['option_id'],
					'name'              => $product_option['name'],
					'type'              => $product_option['type'],
					//'option_value'      => $product_option['option_value'],
					'required'          => $product_option['required'],
					'min'          => $product_option['minimum'],
					'max'          => $product_option['maximum'],
					'invoice'          => $product_option['invoice'],
					'error'          => $product_option['error'],
					'tips'			=> $product_option['tips'],
					'mask'			=> $product_option['mask'],
					'identifier'			=> $product_option['identifier'],
					'section'			=> $product_option['section'],
					'isnumeric'  => $product_option['isnumeric'],
					'email_display'  => $product_option['email_display'],
					'order_display'  => $product_option['order_display'],
					'list_display'  => $product_option['list_display'],
				);				
			}
      	}
		return $product_option_data;
	}
		]]></add>
		</operation>	

		<operation>
			<search position="after"><![CDATA[$customer_id = $this->db->getLastId();]]></search>
			<add><![CDATA[
			$this->db->query("delete from " . DB_PREFIX . "xcustom_customer_option where customer_id = ".(int)$customer_id);
      		$this->addCustomerOptionData($data,$customer_id,0,1);      	
			]]></add>
		</operation>
		<operation>
			<search position="before" index="1"><![CDATA[if (isset($address['default'])) {]]></search>
			<add><![CDATA[
			$address_id = $this->db->getLastId();
				$this->addCustomerOptionData($address,$customer_id,$address_id,2);
			]]></add>
		</operation>
		<operation>
			<search position="before" index="2"><![CDATA[if (isset($data['address'])) {]]></search>
			<add><![CDATA[
			$this->db->query("delete from " . DB_PREFIX . "xcustom_customer_option where customer_id = ".(int)$customer_id);
      		$this->addCustomerOptionData($data,$customer_id,0,1);      	
			]]></add>
		</operation>
		<operation>
			<search position="before" index="2"><![CDATA[if (isset($address['default'])) {]]></search>
			<add><![CDATA[
			$address_id = $this->db->getLastId();
				$this->addCustomerOptionData($address,$customer_id,$address_id,2);
			]]></add>
		</operation>
		<operation>
			<search position="replace" offset="1"><![CDATA[if (isset($address['default'])) {]]></search>
			<add><![CDATA[
			if (isset($address['default'])) {
			]]></add>
		</operation>		
		<operation>
			<search position="replace" ><![CDATA[return array(]]></search>
			<add><![CDATA[
			$address_data= array(
			]]></add>
		</operation>
		<operation>
			<search position="replace" offset="1"><![CDATA['address_format' => $address_format]]></search>
			<add><![CDATA[
			'address_format' => $address_format
			);
			foreach($this->getCustomOptions(2) as $option){
				if($option['type']!='checkbox'){				
				$option_data=$this->getCustomerAddressOptions((int)$address_query->row['customer_id'],  $option['option_id'], null, (int)$address_id);				
				$address_data= array_merge($address_data,array($option['identifier'] => $option_data));
				}else{
					foreach ($option['option_value'] as $option_value){
						$option_data=$this->getCustomerAddressOptions((int)$address_query->row['customer_id'], $option['option_id'], $option_value['option_value_id'], (int)$address_id);
						$address_data= array_merge($address_data,array($option['identifier'].$option_value['option_value_id'] => $option_data));
					}
				}								
			}
			return $address_data;
			]]></add>
		</operation>		
		<operation>
			<search position="after" ><![CDATA[public function deleteCustomer($customer_id) {]]></search>
			<add><![CDATA[
			$this->db->query("delete from " . DB_PREFIX . "xcustom_customer_option where customer_id = ".(int)$customer_id);
			]]></add>
		</operation>	
	</file>	
		
	<file name="admin/controller/sale/customer.php">
		<operation>
			<search position="before"><![CDATA[$this->template = 'sale/customer_form.tpl';]]></search>
			<add><![CDATA[
				$this->load->model('module/custom');
	$this->model_module_custom->install();			
  	foreach ($this->model_sale_customer->getCustomOptions(1) as $option) {
		if ( isset($this->error['optionVE'.$option['option_id']])) {
			$this->data['optionVE'.$option['option_id']] = $this->error['optionVE'.$option['option_id']];
		} else {
			$this->data['optionVE'.$option['option_id']] = '';
		}
		}
  	foreach ($this->model_sale_customer->getCustomOptions(1) as $option) {
			if ($option['type'] != 'checkbox' && isset($this->request->post['option'.$option['option_id']])) {
				$this->data['optionV'.$option['option_id']] = $this->request->post['option'.$option['option_id']];
			}
  			elseif (isset($this->request->get['customer_id']) && $option['type'] != 'checkbox' && $this->request->server['REQUEST_METHOD'] != 'POST') {
				$this->data['optionV'.$option['option_id']] = $this->model_sale_customer->getCustomerOptions($this->request->get['customer_id'],$option['option_id'],null);
			}
			else if($option['type'] != 'checkbox' ) {
				$this->data['optionV'.$option['option_id']] = '';
			}
			
			if($option['type'] == 'checkbox'){
			foreach ($option['option_value'] as $option_value) {
							
							
			if (isset($this->request->post['optionV'.$option['option_id'].'C'.$option_value['option_value_id']])) {
				$this->data['optionV_O'.$option['option_id'].'C'.$option_value['option_value_id']] = $this->request->post['optionV'.$option['option_id'].'C'.$option_value['option_value_id']];
			}elseif (isset($this->request->get['customer_id']) && $this->request->server['REQUEST_METHOD'] != 'POST') {
				$this->data['optionV_O'.$option['option_id'].'C'.$option_value['option_value_id']] = $this->model_sale_customer->getCustomerOptions($this->request->get['customer_id'],$option['option_id'],$option_value['option_value_id']);
			}
			else{
				$this->data['optionV_O'.$option['option_id'].'C'.$option_value['option_value_id']]='';
			}
							
					}
			}
			
		}
		$this->data['text_select'] = $this->language->get('text_select');
		$this->data['options'] = array();
		$this->data['optionsAddress'] = array();
		foreach ($this->model_sale_customer->getCustomOptions(0) as $option) {
			if($option['section']==2){
				if (isset($this->error[$option['identifier']])) {
					$this->data['error_'.$option['identifier']] = $this->error[$option['identifier']];
				} else {
					$this->data['error_'.$option['identifier']] = '';
			}	}
			 
				if ($option['type'] == 'select' || $option['type'] == 'radio' || $option['type'] == 'checkbox' ) { 
					$option_value_data = array();
					
					foreach ($option['option_value'] as $option_value) {
							$option_value_data[] = array(
								'option_value_id'         => $option_value['option_value_id'],
								'name'                    => $option_value['name'],
							);
					}
					$dataOptions = array(
						'option_id'         => $option['option_id'],
						'name'              => $option['name'],
						'type'              => $option['type'],
						'option_value'      => $option_value_data,
					'required'          => $option['required'],
					'identifier'		=> $option['identifier']
					);
					if($option['section']==1)
						$this->data['options'][]=$dataOptions;
					else 
						$this->data['optionsAddress'][]=$dataOptions;					
				} elseif ($option['type'] == 'text' || $option['type'] == 'textarea' || $option['type'] == 'file' || $option['type'] == 'date' ) {
					$dataOptions = array(
						'option_id'         => $option['option_id'],
						'name'              => $option['name'],
						'type'              => $option['type'],
					'required'          => $option['required'],
					'identifier'		=> $option['identifier']
					);
					if($option['section']==1)
						$this->data['options'][]=$dataOptions;
					else 
						$this->data['optionsAddress'][]=$dataOptions;						
				}
			
		}			
			]]></add>
		</operation>	

		<operation>
			<search position="before"><![CDATA[if ((utf8_strlen($this->request->post['firstname']) < 1) || (utf8_strlen($this->request->post['firstname']) > 32)) {]]></search>
			<add><![CDATA[
    	
  	foreach ($this->model_sale_customer->getCustomOptions(1) as $option) {
			if($option['required']){if (($option['type'] == 'date' || $option['type'] == 'radio' || $option['type'] == 'select')  && (!isset($this->request->post['option'.$option['option_id']]) || empty($this->request->post['option'.$option['option_id']]))) {
				$this->error['optionVE'.$option['option_id']]  = $option['error'];
			}
  			if (( $option['type'] == 'text' || $option['type'] == 'textarea')  && (!isset($this->request->post['option'.$option['option_id']]) || 
  			empty($this->request->post['option'.$option['option_id']]))) {
				$this->error['optionVE'.$option['option_id']]  = $option['error'];
			}
			
			if (( $option['type'] == 'text' || $option['type'] == 'textarea') && isset($this->request->post['option'.$option['option_id']]) && $option['max'] && $option['min'] && (utf8_strlen($this->request->post['option'.$option['option_id']]) < $option['min']
  			|| utf8_strlen($this->request->post['option'.$option['option_id']]) > $option['max']
  			)) {
				$this->error['optionVE'.$option['option_id']]  = $option['error'];
			}
			
  		
			if ($option['type'] == 'checkbox' ){
				$flag=true;
				foreach ($option['option_value'] as $option_value) {
			   		if(!empty($this->request->post['optionV'.$option['option_id'].'C'.$option_value['option_value_id']])) {
						$flag=false;
					}
				}
				if($flag){
					$this->error['optionVE'.$option['option_id']]  = $option['error'];
				}			
			}		
			
		}}			
			]]></add>
		</operation>
		
		<operation>
			<search position="after"><![CDATA[foreach ($this->request->post['address'] as $key => $value) {]]></search>
			<add><![CDATA[
    	
  	foreach ($this->model_sale_customer->getCustomOptions(2) as $option) {
			if($option['required']){if (($option['type'] == 'date' || $option['type'] == 'radio' || $option['type'] == 'select')  && (!isset($value[$option['identifier']]) || empty($value[$option['identifier']]))) {
				$this->error[$option['identifier']][$key]  = $option['error'];
			}
  			if (( $option['type'] == 'text' || $option['type'] == 'textarea')  && (!isset($value[$option['identifier']]) || 
  			empty($value[$option['identifier']]))) {
				$this->error[$option['identifier']][$key]  = $option['error'];
			}			
			if (( $option['type'] == 'text' || $option['type'] == 'textarea') && isset($value[$option['identifier']]) && $option['max'] && $option['min'] && (utf8_strlen($value[$option['identifier']]) < $option['min']
  			|| utf8_strlen($value[$option['identifier']]) > $option['max']
  			)) {
				$this->error[$option['identifier']][$key]  = $option['error'];
			} 		
			if ($option['type'] == 'checkbox' ){
				$flag=true;
				foreach ($option['option_value'] as $option_value) {
			   		if(!empty($value[$option['identifier'].$option_value['option_value_id']])) {
						$flag=false;
					}
				}
				if($flag){
					$this->error[$option['identifier']][$key]  = $option['error'];
				}			
			}		
		}}			
			]]></add>
		</operation>
		
	</file>
	
	<file name="admin/view/template/sale/customer_form.tpl">
	<operation>
			<search position="replace" offset="2"><![CDATA[<td><?php echo $entry_fax; ?></td>]]></search>
			<add><![CDATA[
			<td><?php echo $entry_fax; ?></td>
                <td><input type="text" name="fax" value="<?php echo $fax; ?>" /></td>
              </tr>
                       <?php if ($options) { ?>
         
        
        <?php foreach ($options as $option) { ?>
        <?php if ($option['type'] == 'select') { ?>
       <tr><td>
          <?php if ($option['required']) { ?>
          <span class="required">*</span>
          <?php } ?>
          <?php echo $option['name']; ?>:</td><td>
          <select name="option<?php echo $option['option_id']; ?>">
            <option value=""><?php echo $text_select; ?></option>
            <?php foreach ($option['option_value'] as $option_value) { ?>
            <option <?php if( ${"optionV" . $option['option_id']} ==$option_value['option_value_id']) echo 'selected ="selected"' ; ?> value="<?php echo $option_value['option_value_id']; ?>"><?php echo $option_value['name']; ?>
            
            </option>
            <?php } ?>
          </select>
         <?php if (${"optionVE" . $option['option_id']}) { ?>
            <span class="error"><?php echo ${"optionVE" . $option['option_id']}; ?></span>
            <?php } ?></td></tr>
        
        <?php } ?>
        <?php if ($option['type'] == 'radio') { ?>
        <tr><td>
          <?php if ($option['required']) { ?>
          <span class="required">*</span>
          <?php } ?>
          <?php echo $option['name']; ?>:</td><td>
          <?php foreach ($option['option_value'] as $option_value) { ?>
          <input type="radio" name="option<?php echo $option['option_id']; ?>" <?php if( ${"optionV" . $option['option_id']} ==$option_value['option_value_id']) echo 'checked ="checked"' ; ?> value="<?php echo $option_value['option_value_id']; ?>" id="option-value-<?php echo $option_value['option_value_id']; ?>" />
          <label for="option-value-<?php echo $option_value['option_value_id']; ?>"><?php echo $option_value['name']; ?>
            
          </label>
        </br>
          <?php } ?>
          <?php if (${"optionVE" . $option['option_id']}) { ?>
            <span class="error"><?php echo ${"optionVE" . $option['option_id']}; ?></span>
            <?php } ?></td>
        </tr>
        
        <?php } ?>
        <?php if ($option['type'] == 'checkbox') { ?>
        <tr><td>
          <?php if ($option['required']) { ?>
          <span class="required">*</span>
          <?php } ?>
          <?php echo $option['name']; ?>:</td><td>
          <?php foreach ($option['option_value'] as $option_value) { ?>
          <input type="checkbox" <?php if( ${"optionV_O" . $option['option_id']."C".$option_value['option_value_id']} ==$option_value['option_value_id']) echo 'checked ="checked"' ; ?> name="optionV<?php echo $option['option_id']; ?>C<?php echo $option_value['option_value_id']; ?>" value="<?php echo $option_value['option_value_id']; ?>" id="option-value-<?php echo $option_value['option_value_id']; ?>" />
          <label for="option-value-<?php echo $option_value['option_value_id']; ?>"><?php echo $option_value['name']; ?>
            
          </label>
        </br>
          <?php } ?>
         <?php if (${"optionVE" . $option['option_id']}) { ?>
            <span class="error"><?php echo ${"optionVE" . $option['option_id']}; ?></span>
            <?php } ?></td></tr>
        <?php } ?>
        
        <?php if ($option['type'] == 'text') { ?>
        <tr><td>
          <?php if ($option['required']) { ?>
          <span class="required">*</span>
          <?php } ?>
          <?php echo $option['name']; ?>:</td><td>
          <input type="text" name="option<?php echo $option['option_id']; ?>"  value="<?php echo ${"optionV" . $option['option_id']} ; ?>" />
        <?php if (${"optionVE" . $option['option_id']}) { ?>
            <span class="error"><?php echo ${"optionVE" . $option['option_id']}; ?></span>
            <?php } ?></td></tr>
        <?php } ?>
        <?php if ($option['type'] == 'textarea') { ?>
       <tr> <td>
          <?php if ($option['required']) { ?>
          <span class="required">*</span>
          <?php } ?>
          <?php echo $option['name']; ?>:</td><td>
          <textarea name="option<?php echo $option['option_id']; ?>" cols="40" rows="5"><?php echo ${"optionV" . $option['option_id']} ; ?></textarea>
        <?php if (${"optionVE" . $option['option_id']}) { ?>
            <span class="error"><?php echo ${"optionVE" . $option['option_id']}; ?></span>
            <?php } ?></td></tr>
        <?php } ?>        
        <?php if ($option['type'] == 'date') { ?>
        <tr><td>
          <?php if ($option['required']) { ?>
          <span class="required">*</span>
          <?php } ?>
          <?php echo $option['name']; ?>:</td><td>
          <input type="text"  name="option<?php echo $option['option_id']; ?>"  value="<?php echo ${"optionV" . $option['option_id']} ; ?>"  class="date" />
        <?php if (${"optionVE" . $option['option_id']}) { ?>
            <span class="error"><?php echo ${"optionVE" . $option['option_id']}; ?></span>
            <?php } ?></td></tr>
        
        <?php } ?>
       
        <?php } ?>
        <?php } ?>
			]]></add>
		</operation>
		<operation>
			<search position="replace" index="1" offset="2"><![CDATA[<td><?php echo $entry_address_2; ?></td>]]></search>
			<add><![CDATA[
			<td><?php echo $entry_address_2; ?></td>
                <td><input type="text" name="address[<?php echo $address_row; ?>][address_2]" value="<?php echo $address['address_2']; ?>" /></td>
              </tr>
               <?php if ($optionsAddress) { ?>
         
        
        <?php foreach ($optionsAddress as $option) { ?>
        <?php if ($option['type'] == 'select') { ?>
       <tr><td>
          <?php if ($option['required']) { ?>
          <span class="required">*</span>
          <?php } ?>
          <?php echo $option['name']; ?>:</td><td>
          <select name="address[<?php echo $address_row; ?>][<?php echo $option['identifier']; ?>]">
            <option value=""><?php echo $text_select; ?></option>
            <?php foreach ($option['option_value'] as $option_value) { ?>
            <option <?php if(isset($address[$option['identifier']])&& $address[$option['identifier']] ==$option_value['option_value_id']) echo 'selected ="selected"' ; ?> value="<?php echo $option_value['option_value_id']; ?>"><?php echo $option_value['name']; ?>
            
            </option>
            <?php } ?>
          </select>
          <?php if (isset(${'error_'.$option['identifier']}[$address_row])) { ?>
                  <span class="error"><?php echo  ${'error_'.$option['identifier']}[$address_row]; ?></span>
                  <?php } ?>
         </td></tr>
        
        <?php } ?>
        <?php if ($option['type'] == 'radio') { ?>
        <tr><td>
          <?php if ($option['required']) { ?>
          <span class="required">*</span>
          <?php } ?>
          <?php echo $option['name']; ?>:</td><td>
          <?php foreach ($option['option_value'] as $option_value) { ?>
          <input type="radio" name="address[<?php echo $address_row; ?>][<?php echo $option['identifier']; ?>]" <?php if(isset($address[$option['identifier']]) && $address[$option['identifier']] ==$option_value['option_value_id']) echo 'checked ="checked"' ; ?> value="<?php echo $option_value['option_value_id']; ?>" id="option-value-<?php echo $option_value['option_value_id']; ?>" />
          <label for="option-value-<?php echo $option_value['option_value_id']; ?>"><?php echo $option_value['name']; ?>
            
          </label>
        </br>
          <?php } ?>
           <?php if (isset(${'error_'.$option['identifier']}[$address_row])) { ?>
                  <span class="error"><?php echo  ${'error_'.$option['identifier']}[$address_row]; ?></span>
                  <?php } ?>
         </td>
        </tr>
        
        <?php } ?>
        <?php if ($option['type'] == 'checkbox') { ?>
        <tr><td>
          <?php if ($option['required']) { ?>
          <span class="required">*</span>
          <?php } ?>
          <?php echo $option['name']; ?>:</td><td>
          <?php foreach ($option['option_value'] as $option_value) { ?>
          <input type="checkbox" 
          <?php if( isset($address[$option['identifier'].$option_value['option_value_id']]) && $address[$option['identifier'].$option_value['option_value_id']] ==$option_value['option_value_id']) echo 'checked ="checked"' ; ?> 
          name="address[<?php echo $address_row; ?>][<?php echo $option['identifier'].$option_value['option_value_id']; ?>]" value="<?php echo $option_value['option_value_id']; ?>" id="option-value-<?php echo $option_value['option_value_id']; ?>" />
          <label for="option-value-<?php echo $option_value['option_value_id']; ?>"><?php echo $option_value['name']; ?>
            
          </label>
        </br>
          <?php } ?>
           <?php if (isset(${'error_'.$option['identifier']}[$address_row])) { ?>
                  <span class="error"><?php echo  ${'error_'.$option['identifier']}[$address_row]; ?></span>
                  <?php } ?>
        </td></tr>
        <?php } ?>
        
        <?php if ($option['type'] == 'text') { ?>
        <tr><td>
          <?php if ($option['required']) { ?>
          <span class="required">*</span>
          <?php } ?>
          <?php echo $option['name']; ?>:</td><td>
          <input type="text" name="address[<?php echo $address_row; ?>][<?php echo $option['identifier']; ?>]"  <?php if(isset($address[$option['identifier']])) echo 'value="'.$address[$option['identifier']].'"';  ?> />
        <?php if (isset(${'error_'.$option['identifier']}[$address_row])) { ?>
                  <span class="error"><?php echo  ${'error_'.$option['identifier']}[$address_row]; ?></span>
                  <?php } ?>
        </td></tr>
        <?php } ?>
        <?php if ($option['type'] == 'textarea') { ?>
       <tr> <td>
          <?php if ($option['required']) { ?>
          <span class="required">*</span>
          <?php } ?>
          <?php echo $option['name']; ?>:</td><td>
          <textarea name="address[<?php echo $address_row; ?>][<?php echo $option['identifier']; ?>]" cols="40" rows="5"><?php if(isset($address[$option['identifier']])) echo $address[$option['identifier']];  ?></textarea>
        <?php if (isset(${'error_'.$option['identifier']}[$address_row])) { ?>
                  <span class="error"><?php echo  ${'error_'.$option['identifier']}[$address_row]; ?></span>
                  <?php } ?>
        </td></tr>
        <?php } ?>        
        <?php if ($option['type'] == 'date') { ?>
        <tr><td>
          <?php if ($option['required']) { ?>
          <span class="required">*</span>
          <?php } ?>
          <?php echo $option['name']; ?>:</td><td>
          <input type="text"  name="address[<?php echo $address_row; ?>][<?php echo $option['identifier']; ?>]"  <?php if(isset($address[$option['identifier']])) echo 'value="'.$address[$option['identifier']].'"';  ?>  class="date" />
      <?php if (isset(${'error_'.$option['identifier']}[$address_row])) { ?>
                  <span class="error"><?php echo  ${'error_'.$option['identifier']}[$address_row]; ?></span>
                  <?php } ?>
      </td></tr>        
        <?php } ?>
       
        <?php } ?>
        <?php } ?>
			]]></add>
		</operation>
		<operation>
			<search position="before"><![CDATA[<?php echo $footer; ?>]]></search>
			<add><![CDATA[
			<script type="text/javascript" src="catalog/view/javascript/jquery/ui/jquery-ui-timepicker-addon.js"></script> 
<script type="text/javascript"><!--
$(document).ready(function() {
	if ($.browser.msie && $.browser.version == 6) {
		$('.date').bgIframe();
	}
	$('.date').datepicker({
		dateFormat: 'yy-mm-dd',
		changeMonth: true,
	    changeYear: true,
	    yearRange: "-100:+5"});	
});
</script>
			]]></add>
		</operation>
	</file>
	
</modification>