<?xml version="1.0" encoding="UTF-8"?>
<modification>
    <id>Reward Points - Backend PHP</id>
    <version>1.4.x and 1.5.x</version>
    <vqmver required="true">2.4.0</vqmver>
    <author>vqmod.com</author>

    <file name="catalog/controller/checkout/success.php">
        <operation error="continue">
            <search position="after"><![CDATA[if (isset($this->session->data['order_id'])) {]]></search>
            <add><![CDATA[
		$this->load->model('rewardpoints/observer');
		$this->model_rewardpoints_observer->afterPlaceOrder($this->session->data['order_id']);
            ]]></add>
        </operation>
    </file>

    <file name="catalog/controller/common/header.php">
        <operation error="continue">
            <search position="after"><![CDATA[protected function index() {]]></search>
            <add><![CDATA[
        $this->document->addStyle('media/rewardpoints/css/stylesheet.css');
        $this->document->addStyle('media/rewardpoints/css/jquery.nouislider.css');
        $this->document->addStyle('media/rewardpoints/css/jquery.nouislider.pips.css');
        $this->document->addScript('media/rewardpoints/js/lib/jquery.nouislider.all.js');
        $this->document->addScript('media/rewardpoints/js/lib/underscore.js');
        $this->document->addScript('media/rewardpoints/js/lib/backbone.js');
        $this->document->addScript('media/rewardpoints/js/head.main.js');
        $this->document->addScript('media/rewardpoints/js/view.js');
            ]]></add>
        </operation>
    </file>

    <file name="catalog/controller/checkout/cart.php">
        <operation error="continue">
            <search position="before"><![CDATA[$this->document->setTitle($this->language->get('heading_title'));]]></search>
            <add><![CDATA[
        $this->load->model('rewardpoints/spendingrule');
        $this->load->model('rewardpoints/shoppingcartrule');
        $this->model_rewardpoints_spendingrule->getSpendingPoints();
        $this->model_rewardpoints_shoppingcartrule->getShoppingCartPoints();
            ]]></add>
        </operation>
    </file>

    <file name="catalog/controller/checkout/checkout.php">
        <operation error="continue">
            <search position="before"><![CDATA[$this->language->load('checkout/checkout');]]></search>
            <add><![CDATA[
        $this->load->model('rewardpoints/spendingrule');
        $this->model_rewardpoints_spendingrule->getSpendingPoints();
            ]]></add>
        </operation>
    </file>

    <file name="catalog/model/account/customer.php">
        <operation error="continue">
            <search position="after"><![CDATA[$customer_id = $this->db->getLastId();]]></search>
            <add><![CDATA[
            $this->load->model('rewardpoints/observer');
            $this->model_rewardpoints_observer->afterAddCustomer($customer_id, $data);
            ]]></add>
        </operation>
        <operation error="continue">
            <search position="after"><![CDATA[public function editNewsletter($newsletter) {]]></search>
            <add><![CDATA[
            $this->load->model('rewardpoints/observer');
            $this->model_rewardpoints_observer->afterSubscribeNewsletter($this->customer->getId(), array('newsletter' => $newsletter));
            ]]></add>
        </operation>
    </file>

    <file name="catalog/controller/account/reward.php">
        <operation error="continue">
            <search position="after"><![CDATA[public function index() {]]></search>
            <add><![CDATA[
            $this->document->addStyle('media/rewardpoints/css/stylesheet.css');
            ]]></add>
        </operation>
        <operation error="continue">
            <search position="replace"><![CDATA[$this->config->get('config_template')]]></search>
            <add><![CDATA['default']]></add>
        </operation>
        <operation error="continue">
            <search position="replace"><![CDATA[account/reward.tpl]]></search>
            <add><![CDATA[rewardpoints/account/reward.tpl]]></add>
        </operation>
        <operation error="continue">
            <search position="after" trim="true"><![CDATA[$this->data['rewards'][] = array(]]></search>
            <add><![CDATA[
                'status'      => $result['status'],
            ]]></add>
        </operation>
        <operation error="continue">
            <search position="before" trim="true"><![CDATA[$this->children = array(]]></search>
            <add><![CDATA[
        $this->language->load('rewardpoints/index');
        $exchange_rate = explode("/", $this->config->get('currency_exchange_rate'));
        $this->data['exchange_rate']          = array(
            'point' => $exchange_rate[0],
            'rate'  => $this->currency->format($exchange_rate[1], $this->config->get('config_currency')),
        );
        $this->load->model('rewardpoints/helper');
        $this->data['total'] .= " = ".$this->currency->format($this->model_rewardpoints_helper->exchangePointToMoney($this->data['total']), $this->config->get('config_currency'));
            ]]></add>
        </operation>
    </file>
</modification>