<?xml version="1.0" encoding="UTF-8"?>
<modification>
    <id>Reward Points - Backend TPL</id>
    <version>1.4.x and 1.5.x</version>
    <vqmver required="true">2.4.0</vqmver>
    <author>vqmod.com</author>

    <file name="admin/view/template/common/header.tpl">
        <operation error="continue">
            <search position="before"><![CDATA[<li id="sale"><a class="top"><?php echo $text_sale; ?></a>]]></search>
            <add><![CDATA[
        <?php $this->language->load('module/reward_points_pro')?>
        <li id="promotion"><a class="top"><?php echo $this->language->get('text_promotions'); ?></a>
            <ul>
                <li><a class="parent"><?php echo $this->language->get('text_reward_points'); ?></a>
                    <ul>
                        <li><a class="parent" href="javascript:;"><?php echo $this->language->get('text_earning_rules'); ?></a>
                            <ul>
                                <li><a href="<?php echo $this->url->link('promotions/reward_points/catalogRuleList', 'token=' . $this->session->data['token'], 'SSL')?>"><?php echo $this->language->get('text_catalog_earning_rules')?></a></li>
                                <li><a href="<?php echo $this->url->link('promotions/reward_points/shoppingCartRuleList', 'token=' . $this->session->data['token'], 'SSL')?>"><?php echo $this->language->get('text_shopping_cart_earning_rules')?></a></li>
                                <li><a href="<?php echo $this->url->link('promotions/reward_points/behaviorRuleList', 'token=' . $this->session->data['token'], 'SSL')?>"><?php echo $this->language->get('text_behavior_rules')?></a></li>
                            </ul>
                        </li>
                        <li><a href="<?php echo $this->url->link('promotions/reward_points/spendingRuleList', 'token=' . $this->session->data['token'], 'SSL')?>"><?php echo $this->language->get('text_spending_rules'); ?></a></li>
                        <li><a href="<?php echo $this->url->link('promotions/reward_points/allTransactionHistory', 'token=' . $this->session->data['token'], 'SSL')?>"><?php echo $this->language->get('text_transaction_history'); ?></a></li>
                        <li><a href="<?php echo $this->url->link('promotions/reward_points/configuration', 'token=' . $this->session->data['token'], 'SSL')?>"><?php echo $this->language->get('text_configuration'); ?></a></li>
                    </ul>
                </li>
            </ul>
        </li>
            ]]></add>
        </operation>
    </file>
	<!-- For Opencart version 2.x.x to higher-->
	<file name="admin/view/template/common/menu.tpl">
		<operation error="continue">
			<search position="before"><![CDATA[<li id="sale">]]></search>
			<add><![CDATA[
  <li id="sale"><a class="parent"><i class="fa fa-shopping-cart fa-fw"></i> <span><?php echo $text_promotions; ?></span></a>
    <ul>
      <li><a class="parent"><?php echo $text_reward_points; ?></a>
        <ul>
          <li><a class="parent"><?php echo $text_earning_rules; ?></a>
	          <ul>
					<li><a href="<?php echo $link_catalog_rule?>"><?php echo $text_catalog_earning_rules?></a></li>
                    <li><a href="<?php echo $link_shopping_cart_rule?>"><?php echo $text_shopping_cart_earning_rules?></a></li>
                    <li><a href="<?php echo $link_behavior_rule?>"><?php echo $text_behavior_rules?></a></li>
	          </ul>
          </li>
          <li><a href="<?php echo $link_spending_rule?>"><?php echo $text_spending_rules; ?></a></li>
          <li><a href="<?php echo $link_transaction_history?>"><?php echo $text_transaction_history; ?></a></li>
          <li><a href="<?php echo $link_configuration?>"><?php echo $text_configuration; ?></a></li>
        </ul>
      </li>
    </ul>
  </li>
            ]]></add>
		</operation>
	</file>

    <file name="admin/view/template/sale/customer_reward.tpl">
        <operation error="continue">
            <search position="after"><![CDATA[<td class="left"><?php echo $column_description; ?></td>]]></search>
            <add><![CDATA[
      <td class="right"><?php echo 'Status'; ?></td>
            ]]></add>
        </operation>

        <operation error="continue">
            <search position="after"><![CDATA[<td class="left"><?php echo $reward['description']; ?></td>]]></search>
            <add><![CDATA[
      <td class="right"><?php echo $reward['status']; ?></td>
            ]]></add>
        </operation>

        <operation error="continue">
            <search position="replace"><![CDATA[<td class="right"><b><?php echo $text_balance; ?></b></td>]]></search>
            <add><![CDATA[<td></td><td class="right"><b><?php echo $text_balance; ?></b></td>]]></add>
        </operation>
    </file>
</modification>